Week,Day,Date,,Winner/tie,,Loser/tie,PtsW,PtsL,YdsW,TOW,YdsL,TOL
1,Thu,9/4/2015,boxscore,Seattle Seahawks,,Green Bay Packers,36,16,398,1,255,1
1,Sun,9/7/2015,boxscore,Denver Broncos,,Indianapolis Colts,31,24,361,0,408,2
1,Sun,9/7/2015,boxscore,Carolina Panthers,@,Tampa Bay Buccaneers,20,14,334,0,264,3
1,Sun,9/7/2015,boxscore,Pittsburgh Steelers,,Cleveland Browns,30,27,503,1,389,0
1,Sun,9/7/2015,boxscore,New York Jets,,Oakland Raiders,19,14,402,2,158,0
1,Sun,9/7/2015,boxscore,Cincinnati Bengals,@,Baltimore Ravens,23,16,380,0,423,2
1,Sun,9/7/2015,boxscore,Miami Dolphins,,New England Patriots,33,20,360,3,315,2
1,Sun,9/7/2015,boxscore,Houston Texans,,Washington Redskins,17,6,321,1,372,2
1,Sun,9/7/2015,boxscore,Atlanta Falcons,,New Orleans Saints,37,34,568,1,472,2
1,Sun,9/7/2015,boxscore,San Francisco 49ers,@,Dallas Cowboys,28,17,319,0,382,4
1,Sun,9/7/2015,boxscore,Philadelphia Eagles,,Jacksonville Jaguars,34,17,420,3,306,1
1,Sun,9/7/2015,boxscore,Tennessee Titans,@,Kansas City Chiefs,26,10,405,0,245,3
1,Sun,9/7/2015,boxscore,Minnesota Vikings,@,St. Louis Rams,34,6,355,0,318,2
1,Sun,9/7/2015,boxscore,Buffalo Bills,@,Chicago Bears,23,20,360,1,427,3
1,Mon,9/8/2015,boxscore,Arizona Cardinals,,San Diego Chargers,18,17,403,2,290,1
1,Mon,9/8/2015,boxscore,Detroit Lions,,New York Giants,35,14,417,0,197,2
Week,Day,Date,,Winner/tie,,Loser/tie,PtsW,PtsL,YdsW,TOW,YdsL,TOL
2,Thu,9/11/2015,boxscore,Baltimore Ravens,,Pittsburgh Steelers,26,6,323,0,301,3
2,Sun,9/14/2015,boxscore,Chicago Bears,@,San Francisco 49ers,28,20,216,0,359,4
2,Sun,9/14/2015,boxscore,Denver Broncos,,Kansas City Chiefs,24,17,325,0,380,0
2,Sun,9/14/2015,boxscore,Washington Redskins,,Jacksonville Jaguars,41,10,449,0,148,1
2,Sun,9/14/2015,boxscore,New England Patriots,@,Minnesota Vikings,30,7,292,0,217,4
2,Sun,9/14/2015,boxscore,Cleveland Browns,,New Orleans Saints,26,24,324,0,397,2
2,Sun,9/14/2015,boxscore,Houston Texans,@,Oakland Raiders,30,14,327,0,364,4
2,Sun,9/14/2015,boxscore,Arizona Cardinals,@,New York Giants,25,14,266,0,341,4
2,Sun,9/14/2015,boxscore,Dallas Cowboys,@,Tennessee Titans,26,10,368,1,314,2
2,Sun,9/14/2015,boxscore,Buffalo Bills,,Miami Dolphins,29,10,315,0,290,2
2,Sun,9/14/2015,boxscore,Cincinnati Bengals,,Atlanta Falcons,24,10,472,0,309,3
2,Sun,9/14/2015,boxscore,San Diego Chargers,,Seattle Seahawks,30,21,377,0,288,1
2,Sun,9/14/2015,boxscore,St. Louis Rams,@,Tampa Bay Buccaneers,19,17,339,1,332,1
2,Sun,9/14/2015,boxscore,Green Bay Packers,,New York Jets,31,24,390,1,313,1
2,Sun,9/14/2015,boxscore,Carolina Panthers,,Detroit Lions,24,7,313,0,323,3
2,Mon,9/15/2015,boxscore,Philadelphia Eagles,@,Indianapolis Colts,30,27,458,1,341,2
Week,Day,Date,,Winner/tie,,Loser/tie,PtsW,PtsL,YdsW,TOW,YdsL,TOL
3,Thu,9/18/2015,boxscore,Atlanta Falcons,,Tampa Bay Buccaneers,56,14,488,4,217,5
3,Sun,9/21/2015,boxscore,Arizona Cardinals,,San Francisco 49ers,23,14,338,1,318,0
3,Sun,9/21/2015,boxscore,New York Giants,,Houston Texans,30,17,419,1,411,3
3,Sun,9/21/2015,boxscore,Dallas Cowboys,@,St. Louis Rams,34,31,340,2,448,3
3,Sun,9/21/2015,boxscore,San Diego Chargers,@,Buffalo Bills,22,10,333,0,292,0
3,Sun,9/21/2015,boxscore,Kansas City Chiefs,@,Miami Dolphins,34,15,342,2,332,0
3,Sun,9/21/2015,boxscore,Baltimore Ravens,@,Cleveland Browns,23,21,377,1,375,0
3,Sun,9/21/2015,boxscore,New England Patriots,,Oakland Raiders,16,9,297,0,241,1
3,Sun,9/21/2015,boxscore,Detroit Lions,,Green Bay Packers,19,7,353,3,223,1
3,Sun,9/21/2015,boxscore,Cincinnati Bengals,,Tennessee Titans,33,7,300,1,326,2
3,Sun,9/21/2015,boxscore,Indianapolis Colts,@,Jacksonville Jaguars,44,17,529,0,344,3
3,Sun,9/21/2015,boxscore,Pittsburgh Steelers,@,Carolina Panthers,37,19,454,0,349,2
3,Sun,9/21/2015,boxscore,New Orleans Saints,,Minnesota Vikings,20,9,396,0,247,0
3,Sun,9/21/2015,boxscore,Philadelphia Eagles,,Washington Redskins,37,34,379,1,511,1
3,Sun,9/21/2015,boxscore,Seattle Seahawks,,Denver Broncos,26,20,384,1,332,2
3,Mon,9/22/2015,boxscore,Chicago Bears,@,New York Jets,27,19,257,1,414,3
Week,Day,Date,,Winner/tie,,Loser/tie,PtsW,PtsL,YdsW,TOW,YdsL,TOL
4,Thu,9/25/2015,boxscore,New York Giants,@,Washington Redskins,45,14,449,1,329,6
4,Sun,9/28/2015,boxscore,Dallas Cowboys,,New Orleans Saints,38,17,445,0,438,3
4,Sun,9/28/2015,boxscore,Tampa Bay Buccaneers,@,Pittsburgh Steelers,27,24,350,1,390,1
4,Sun,9/28/2015,boxscore,San Diego Chargers,,Jacksonville Jaguars,33,14,407,0,320,3
4,Sun,9/28/2015,boxscore,San Francisco 49ers,,Philadelphia Eagles,26,21,407,1,213,4
4,Sun,9/28/2015,boxscore,Green Bay Packers,@,Chicago Bears,38,17,358,0,496,2
4,Sun,9/28/2015,boxscore,Detroit Lions,@,New York Jets,24,17,360,0,336,2
4,Sun,9/28/2015,boxscore,Indianapolis Colts,,Tennessee Titans,41,17,498,1,261,3
4,Sun,9/28/2015,boxscore,Houston Texans,,Buffalo Bills,23,17,301,3,316,2
4,Sun,9/28/2015,boxscore,Baltimore Ravens,,Carolina Panthers,38,10,454,0,315,1
4,Sun,9/28/2015,boxscore,Minnesota Vikings,,Atlanta Falcons,41,28,558,0,411,2
4,Sun,9/28/2015,boxscore,Miami Dolphins,@,Oakland Raiders,38,14,435,3,317,4
4,Mon,9/29/2015,boxscore,Kansas City Chiefs,,New England Patriots,41,14,443,0,290,3
Week,Day,Date,,Winner/tie,,Loser/tie,PtsW,PtsL,YdsW,TOW,YdsL,TOL
5,Thu,10/2/2015,boxscore,Green Bay Packers,,Minnesota Vikings,42,10,320,1,299,3
5,Sun,10/5/2015,boxscore,Cleveland Browns,@,Tennessee Titans,29,28,460,1,410,0
5,Sun,10/5/2015,boxscore,Denver Broncos,,Arizona Cardinals,41,20,568,2,215,0
5,Sun,10/5/2015,boxscore,New England Patriots,,Cincinnati Bengals,43,17,505,0,320,3
5,Sun,10/5/2015,boxscore,San Diego Chargers,,New York Jets,31,0,439,1,151,2
5,Sun,10/5/2015,boxscore,Buffalo Bills,@,Detroit Lions,17,14,343,1,273,2
5,Sun,10/5/2015,boxscore,Indianapolis Colts,,Baltimore Ravens,20,13,432,4,287,3
5,Sun,10/5/2015,boxscore,Philadelphia Eagles,,St. Louis Rams,34,28,352,3,466,3
5,Sun,10/5/2015,boxscore,Dallas Cowboys,,Houston Texans,20,17,456,3,330,1
5,Sun,10/5/2015,boxscore,Carolina Panthers,,Chicago Bears,31,24,322,3,347,4
5,Sun,10/5/2015,boxscore,New York Giants,,Atlanta Falcons,30,20,317,2,397,1
5,Sun,10/5/2015,boxscore,New Orleans Saints,,Tampa Bay Buccaneers,37,31,511,3,314,1
5,Sun,10/5/2015,boxscore,Pittsburgh Steelers,@,Jacksonville Jaguars,17,9,372,1,243,2
5,Sun,10/5/2015,boxscore,San Francisco 49ers,,Kansas City Chiefs,22,17,357,0,265,1
5,Mon,10/6/2015,boxscore,Seattle Seahawks,@,Washington Redskins,27,17,403,0,307,0
Week,Day,Date,,Winner/tie,,Loser/tie,PtsW,PtsL,YdsW,TOW,YdsL,TOL
6,Thu,10/9/2015,boxscore,Indianapolis Colts,@,Houston Texans,33,28,456,2,332,2
6,Sun,10/12/2015,boxscore,Denver Broncos,@,New York Jets,31,17,359,0,204,2
6,Sun,10/12/2015,boxscore,Cleveland Browns,,Pittsburgh Steelers,31,10,368,1,359,1
6,Sun,10/12/2015,boxscore,Arizona Cardinals,,Washington Redskins,30,20,317,0,407,4
6,Sun,10/12/2015,boxscore,San Diego Chargers,@,Oakland Raiders,31,28,423,0,396,1
6,Sun,10/12/2015,boxscore,Detroit Lions,@,Minnesota Vikings,17,3,255,0,212,3
6,Sun,10/12/2015,boxscore,Baltimore Ravens,@,Tampa Bay Buccaneers,48,17,475,1,364,1
6,Sun,10/12/2015,boxscore,Dallas Cowboys,@,Seattle Seahawks,30,23,401,2,206,1
6,Sun,10/12/2015,boxscore,Philadelphia Eagles,,New York Giants,27,0,448,2,254,1
6,Sun,10/12/2015,boxscore,Tennessee Titans,,Jacksonville Jaguars,16,14,290,0,379,2
6,Sun,10/12/2015,boxscore,Green Bay Packers,@,Miami Dolphins,27,24,369,0,349,3
6,Sun,10/12/2015,boxscore,Cincinnati Bengals,,Carolina Panthers,37,37,513,2,431,1
6,Sun,10/12/2015,boxscore,New England Patriots,@,Buffalo Bills,37,22,396,0,336,3
6,Sun,10/12/2015,boxscore,Chicago Bears,@,Atlanta Falcons,27,13,478,0,287,1
6,Mon,10/13/2015,boxscore,San Francisco 49ers,@,St. Louis Rams,31,17,432,1,309,1
Week,Day,Date,,Winner/tie,,Loser/tie,PtsW,PtsL,YdsW,TOW,YdsL,TOL
7,Thu,10/16/2015,boxscore,New England Patriots,,New York Jets,27,25,323,0,423,0
7,Sun,10/19/2015,boxscore,Jacksonville Jaguars,,Cleveland Browns,24,6,336,3,266,3
7,Sun,10/19/2015,boxscore,Arizona Cardinals,@,Oakland Raiders,24,13,365,1,220,0
7,Sun,10/19/2015,boxscore,Indianapolis Colts,,Cincinnati Bengals,27,0,506,2,135,0
7,Sun,10/19/2015,boxscore,Kansas City Chiefs,@,San Diego Chargers,23,20,365,0,251,1
7,Sun,10/19/2015,boxscore,Denver Broncos,,San Francisco 49ers,42,17,419,0,310,1
7,Sun,10/19/2015,boxscore,St. Louis Rams,,Seattle Seahawks,28,26,275,0,463,0
7,Sun,10/19/2015,boxscore,Detroit Lions,,New Orleans Saints,24,23,344,2,408,2
7,Sun,10/19/2015,boxscore,Baltimore Ravens,,Atlanta Falcons,29,7,371,3,254,1
7,Sun,10/19/2015,boxscore,Miami Dolphins,@,Chicago Bears,27,14,393,0,224,3
7,Sun,10/19/2015,boxscore,Dallas Cowboys,,New York Giants,31,21,423,1,352,2
7,Sun,10/19/2015,boxscore,Washington Redskins,,Tennessee Titans,19,17,351,2,236,2
7,Sun,10/19/2015,boxscore,Buffalo Bills,,Minnesota Vikings,17,16,373,4,276,2
7,Sun,10/19/2015,boxscore,Green Bay Packers,,Carolina Panthers,38,17,363,0,331,1
7,Mon,10/20/2015,boxscore,Pittsburgh Steelers,,Houston Texans,30,23,328,1,393,3
Week,Day,Date,,Winner/tie,,Loser/tie,PtsW,PtsL,YdsW,TOW,YdsL,TOL
8,Thu,10/23/2015,boxscore,Denver Broncos,,San Diego Chargers,35,21,425,0,306,2
8,Sun,10/26/2015,boxscore,Arizona Cardinals,,Philadelphia Eagles,24,20,400,1,521,3
8,Sun,10/26/2015,boxscore,Cincinnati Bengals,,Baltimore Ravens,27,24,350,2,294,2
8,Sun,10/26/2015,boxscore,Kansas City Chiefs,,St. Louis Rams,34,7,355,1,200,1
8,Sun,10/26/2015,boxscore,Cleveland Browns,,Oakland Raiders,23,13,306,0,387,3
8,Sun,10/26/2015,boxscore,Pittsburgh Steelers,,Indianapolis Colts,51,34,639,2,448,2
8,Sun,10/26/2015,boxscore,New England Patriots,,Chicago Bears,51,23,487,0,384,2
8,Sun,10/26/2015,boxscore,Detroit Lions,@,Atlanta Falcons,22,21,385,1,291,1
8,Sun,10/26/2015,boxscore,New Orleans Saints,,Green Bay Packers,44,23,495,1,491,3
8,Sun,10/26/2015,boxscore,Buffalo Bills,@,New York Jets,43,23,280,0,312,6
8,Sun,10/26/2015,boxscore,Seattle Seahawks,@,Carolina Panthers,13,9,310,2,266,2
8,Sun,10/26/2015,boxscore,Miami Dolphins,@,Jacksonville Jaguars,27,13,326,1,377,3
8,Sun,10/26/2015,boxscore,Minnesota Vikings,@,Tampa Bay Buccaneers,19,13,332,0,225,2
8,Sun,10/26/2015,boxscore,Houston Texans,@,Tennessee Titans,30,16,405,0,326,2
8,Mon,10/27/2015,boxscore,Washington Redskins,@,Dallas Cowboys,20,17,409,1,395,2
Week,Day,Date,,Winner/tie,,Loser/tie,PtsW,PtsL,YdsW,TOW,YdsL,TOL
9,Thu,10/30/2015,boxscore,New Orleans Saints,@,Carolina Panthers,28,10,375,2,231,2
9,Sun,11/2/2015,boxscore,New England Patriots,,Denver Broncos,43,21,398,1,472,2
9,Sun,11/2/2015,boxscore,Arizona Cardinals,@,Dallas Cowboys,28,17,339,1,266,2
9,Sun,11/2/2015,boxscore,Cincinnati Bengals,,Jacksonville Jaguars,33,23,423,2,365,1
9,Sun,11/2/2015,boxscore,Cleveland Browns,,Tampa Bay Buccaneers,22,17,330,2,365,2
9,Sun,11/2/2015,boxscore,Kansas City Chiefs,,New York Jets,24,10,309,0,364,0
9,Sun,11/2/2015,boxscore,Miami Dolphins,,San Diego Chargers,37,0,441,0,178,4
9,Sun,11/2/2015,boxscore,St. Louis Rams,@,San Francisco 49ers,13,10,193,2,263,2
9,Sun,11/2/2015,boxscore,Seattle Seahawks,,Oakland Raiders,30,24,326,0,226,3
9,Sun,11/2/2015,boxscore,Pittsburgh Steelers,,Baltimore Ravens,43,23,376,1,332,2
9,Sun,11/2/2015,boxscore,Minnesota Vikings,,Washington Redskins,29,26,352,0,347,1
9,Sun,11/2/2015,boxscore,Philadelphia Eagles,@,Houston Texans,31,21,483,4,300,1
9,Mon,11/3/2015,boxscore,Indianapolis Colts,@,New York Giants,40,24,443,0,438,1
Week,Day,Date,,Winner/tie,,Loser/tie,PtsW,PtsL,YdsW,TOW,YdsL,TOL
10,Thu,11/6/2015,boxscore,Cleveland Browns,@,Cincinnati Bengals,24,3,368,1,165,4
10,Sun,11/9/2015,boxscore,Arizona Cardinals,,St. Louis Rams,31,14,335,1,244,3
10,Sun,11/9/2015,boxscore,Denver Broncos,@,Oakland Raiders,41,17,471,2,222,3
10,Sun,11/9/2015,boxscore,Baltimore Ravens,,Tennessee Titans,21,7,312,0,210,2
10,Sun,11/9/2015,boxscore,Green Bay Packers,,Chicago Bears,55,14,451,1,311,3
10,Sun,11/9/2015,boxscore,Seattle Seahawks,,New York Giants,38,17,510,3,324,2
10,Sun,11/9/2015,boxscore,Kansas City Chiefs,@,Buffalo Bills,17,13,278,1,364,3
10,Sun,11/9/2015,boxscore,San Francisco 49ers,@,New Orleans Saints,27,24,330,1,423,3
10,Sun,11/9/2015,boxscore,Detroit Lions,,Miami Dolphins,20,16,351,1,228,2
10,Sun,11/9/2015,boxscore,Atlanta Falcons,@,Tampa Bay Buccaneers,27,17,322,0,373,3
10,Sun,11/9/2015,boxscore,Dallas Cowboys,@,Jacksonville Jaguars,31,17,399,1,333,3
10,Sun,11/9/2015,boxscore,New York Jets,,Pittsburgh Steelers,20,13,275,0,362,4
10,Mon,11/10/2015,boxscore,Philadelphia Eagles,,Carolina Panthers,45,21,365,0,317,5
Week,Day,Date,,Winner/tie,,Loser/tie,PtsW,PtsL,YdsW,TOW,YdsL,TOL
11,Thu,11/13/2015,boxscore,Miami Dolphins,,Buffalo Bills,22,9,330,2,237,0
11,Sun,11/16/2015,boxscore,Cincinnati Bengals,@,New Orleans Saints,27,10,405,0,330,1
11,Sun,11/16/2015,boxscore,Atlanta Falcons,@,Carolina Panthers,19,17,346,1,391,2
11,Sun,11/16/2015,boxscore,St. Louis Rams,,Denver Broncos,22,7,337,0,397,2
11,Sun,11/16/2015,boxscore,San Diego Chargers,,Oakland Raiders,13,6,300,0,233,1
11,Sun,11/16/2015,boxscore,Green Bay Packers,,Philadelphia Eagles,53,20,475,0,429,4
11,Sun,11/16/2015,boxscore,Houston Texans,@,Cleveland Browns,23,7,424,1,375,2
11,Sun,11/16/2015,boxscore,Kansas City Chiefs,,Seattle Seahawks,24,20,298,2,372,0
11,Sun,11/16/2015,boxscore,San Francisco 49ers,@,New York Giants,16,10,333,1,330,5
11,Sun,11/16/2015,boxscore,New England Patriots,@,Indianapolis Colts,42,20,503,2,322,1
11,Sun,11/16/2015,boxscore,Chicago Bears,,Minnesota Vikings,21,13,468,2,243,1
11,Sun,11/16/2015,boxscore,Tampa Bay Buccaneers,@,Washington Redskins,27,7,329,1,322,3
11,Sun,11/16/2015,boxscore,Arizona Cardinals,,Detroit Lions,14,6,352,2,262,1
11,Mon,11/17/2015,boxscore,Pittsburgh Steelers,@,Tennessee Titans,27,24,386,1,312,1
Week,Day,Date,,Winner/tie,,Loser/tie,PtsW,PtsL,YdsW,TOW,YdsL,TOL
12,Thu,11/20/2015,boxscore,Oakland Raiders,,Kansas City Chiefs,24,20,351,1,313,0
12,Sun,11/23/2015,boxscore,San Francisco 49ers,,Washington Redskins,17,13,312,3,213,1
12,Sun,11/23/2015,boxscore,Seattle Seahawks,,Arizona Cardinals,19,3,293,0,204,1
12,Sun,11/23/2015,boxscore,San Diego Chargers,,St. Louis Rams,27,24,410,3,317,3
12,Sun,11/23/2015,boxscore,Denver Broncos,,Miami Dolphins,39,36,450,1,313,1
12,Sun,11/23/2015,boxscore,Philadelphia Eagles,,Tennessee Titans,43,24,462,2,351,3
12,Sun,11/23/2015,boxscore,Cincinnati Bengals,@,Houston Texans,22,13,372,1,248,1
12,Sun,11/23/2015,boxscore,Dallas Cowboys,@,New York Giants,31,28,385,1,417,1
12,Sun,11/23/2015,boxscore,Indianapolis Colts,,Jacksonville Jaguars,23,3,389,3,194,2
12,Sun,11/23/2015,boxscore,Chicago Bears,,Tampa Bay Buccaneers,21,13,204,1,367,4
12,Sun,11/23/2015,boxscore,Cleveland Browns,@,Atlanta Falcons,26,24,475,3,315,2
12,Sun,11/23/2015,boxscore,Green Bay Packers,@,Minnesota Vikings,24,21,362,0,308,1
12,Sun,11/23/2015,boxscore,New England Patriots,,Detroit Lions,34,9,439,1,335,1
12,Mon,11/24/2015,boxscore,Baltimore Ravens,@,New Orleans Saints,34,27,449,1,525,1
12,Mon,11/24/2015,boxscore,Buffalo Bills,,New York Jets,38,3,336,0,218,1
Week,Day,Date,,Winner/tie,,Loser/tie,PtsW,PtsL,YdsW,TOW,YdsL,TOL
13,Thu,11/27/2015,boxscore,Seattle Seahawks,@,San Francisco 49ers,19,3,379,0,164,3
13,Thu,11/27/2015,boxscore,Detroit Lions,,Chicago Bears,34,17,474,1,269,2
13,Thu,11/27/2015,boxscore,Philadelphia Eagles,@,Dallas Cowboys,33,10,464,1,267,3
13,Sun,11/30/2015,boxscore,Denver Broncos,@,Kansas City Chiefs,29,16,388,1,151,3
13,Sun,11/30/2015,boxscore,Cincinnati Bengals,@,Tampa Bay Buccaneers,14,13,288,3,263,1
13,Sun,11/30/2015,boxscore,Indianapolis Colts,,Washington Redskins,49,27,487,3,425,1
13,Sun,11/30/2015,boxscore,San Diego Chargers,@,Baltimore Ravens,34,33,440,2,350,0
13,Sun,11/30/2015,boxscore,Houston Texans,,Tennessee Titans,45,21,457,1,320,4
13,Sun,11/30/2015,boxscore,Jacksonville Jaguars,,New York Giants,25,24,258,0,329,3
13,Sun,11/30/2015,boxscore,St. Louis Rams,,Oakland Raiders,52,0,348,0,244,5
13,Sun,11/30/2015,boxscore,Atlanta Falcons,,Arizona Cardinals,29,18,500,1,329,3
13,Sun,11/30/2015,boxscore,Green Bay Packers,,New England Patriots,26,21,478,0,320,0
13,Sun,11/30/2015,boxscore,New Orleans Saints,@,Pittsburgh Steelers,35,32,393,0,538,2
13,Sun,11/30/2015,boxscore,Minnesota Vikings,,Carolina Panthers,31,13,210,0,348,1
13,Sun,11/30/2015,boxscore,Buffalo Bills,,Cleveland Browns,26,10,287,2,315,3
13,Mon,12/1/2015,boxscore,Miami Dolphins,@,New York Jets,16,13,291,1,326,1
Week,Day,Date,,Winner/tie,,Loser/tie,PtsW,PtsL,YdsW,TOW,YdsL,TOL
14,Thu,12/4/2015,boxscore,Dallas Cowboys,@,Chicago Bears,41,28,397,0,376,2
14,Sun,12/7/2015,boxscore,Oakland Raiders,,San Francisco 49ers,24,13,330,0,248,2
14,Sun,12/7/2015,boxscore,Carolina Panthers,@,New Orleans Saints,41,10,497,0,310,2
14,Sun,12/7/2015,boxscore,Indianapolis Colts,@,Cleveland Browns,25,24,362,4,248,2
14,Sun,12/7/2015,boxscore,Denver Broncos,,Buffalo Bills,24,17,306,3,415,3
14,Sun,12/7/2015,boxscore,New England Patriots,@,San Diego Chargers,23,14,397,2,216,1
14,Sun,12/7/2015,boxscore,St. Louis Rams,@,Washington Redskins,24,0,329,0,206,2
14,Sun,12/7/2015,boxscore,Minnesota Vikings,,New York Jets,30,24,411,2,410,2
14,Sun,12/7/2015,boxscore,Houston Texans,@,Jacksonville Jaguars,27,13,304,0,262,1
14,Sun,12/7/2015,boxscore,Baltimore Ravens,@,Miami Dolphins,28,13,447,1,249,0
14,Sun,12/7/2015,boxscore,Detroit Lions,,Tampa Bay Buccaneers,34,17,407,1,233,3
14,Sun,12/7/2015,boxscore,Pittsburgh Steelers,@,Cincinnati Bengals,42,21,543,0,408,2
14,Sun,12/7/2015,boxscore,New York Giants,@,Tennessee Titans,36,7,402,1,207,3
14,Sun,12/7/2015,boxscore,Seattle Seahawks,@,Philadelphia Eagles,24,14,440,2,139,2
14,Sun,12/7/2015,boxscore,Arizona Cardinals,,Kansas City Chiefs,17,14,366,0,390,2
14,Mon,12/8/2015,boxscore,Green Bay Packers,,Atlanta Falcons,43,37,502,0,465,1
Week,Day,Date,,Winner/tie,,Loser/tie,PtsW,PtsL,YdsW,TOW,YdsL,TOL
15,Thu,12/11/2015,boxscore,Arizona Cardinals,@,St. Louis Rams,12,6,274,0,280,2
15,Sun,12/14/2015,boxscore,Cincinnati Bengals,@,Cleveland Browns,30,0,347,1,107,2
15,Sun,12/14/2015,boxscore,Pittsburgh Steelers,@,Atlanta Falcons,27,20,398,0,407,1
15,Sun,12/14/2015,boxscore,New York Giants,,Washington Redskins,24,13,287,1,372,1
15,Sun,12/14/2015,boxscore,New York Jets,@,Tennessee Titans,16,11,277,0,342,1
15,Sun,12/14/2015,boxscore,Kansas City Chiefs,,Oakland Raiders,31,13,388,1,280,1
15,Sun,12/14/2015,boxscore,New England Patriots,,Miami Dolphins,41,13,395,1,384,2
15,Sun,12/14/2015,boxscore,Denver Broncos,@,San Diego Chargers,22,10,337,0,288,2
15,Sun,12/14/2015,boxscore,Dallas Cowboys,@,Philadelphia Eagles,38,27,364,1,294,3
15,Sun,12/14/2015,boxscore,Baltimore Ravens,,Jacksonville Jaguars,20,12,314,1,248,1
15,Sun,12/14/2015,boxscore,Seattle Seahawks,,San Francisco 49ers,17,7,290,1,245,0
15,Sun,12/14/2015,boxscore,Buffalo Bills,,Green Bay Packers,21,13,253,1,333,2
15,Sun,12/14/2015,boxscore,Indianapolis Colts,,Houston Texans,17,10,278,2,289,2
15,Sun,12/14/2015,boxscore,Detroit Lions,,Minnesota Vikings,16,14,233,0,360,2
15,Sun,12/14/2015,boxscore,Carolina Panthers,,Tampa Bay Buccaneers,19,17,392,1,287,3
15,Mon,12/15/2015,boxscore,New Orleans Saints,@,Chicago Bears,31,15,443,1,278,3
Week,Day,Date,,Winner/tie,,Loser/tie,PtsW,PtsL,YdsW,TOW,YdsL,TOL
16,Thu,12/18/2015,boxscore,Jacksonville Jaguars,,Tennessee Titans,21,13,288,0,357,0
16,Sat,12/20/2015,boxscore,Washington Redskins,,Philadelphia Eagles,27,24,305,2,495,2
16,Sat,12/20/2015,boxscore,San Diego Chargers,@,San Francisco 49ers,38,35,446,3,447,3
16,Sun,12/21/2015,boxscore,Dallas Cowboys,,Indianapolis Colts,42,7,377,1,229,3
16,Sun,12/21/2015,boxscore,Seattle Seahawks,@,Arizona Cardinals,35,6,596,0,216,1
16,Sun,12/21/2015,boxscore,New England Patriots,@,New York Jets,17,16,231,1,307,1
16,Sun,12/21/2015,boxscore,Carolina Panthers,,Cleveland Browns,17,13,404,2,228,1
16,Sun,12/21/2015,boxscore,Houston Texans,,Baltimore Ravens,25,13,313,1,211,3
16,Sun,12/21/2015,boxscore,New York Giants,@,St. Louis Rams,37,27,514,0,387,3
16,Sun,12/21/2015,boxscore,Oakland Raiders,,Buffalo Bills,26,24,347,0,321,2
16,Sun,12/21/2015,boxscore,Pittsburgh Steelers,,Kansas City Chiefs,20,12,282,0,327,1
16,Sun,12/21/2015,boxscore,Detroit Lions,@,Chicago Bears,20,14,367,3,234,1
16,Sun,12/21/2015,boxscore,Green Bay Packers,@,Tampa Bay Buccaneers,20,3,431,1,109,1
16,Sun,12/21/2015,boxscore,Miami Dolphins,,Minnesota Vikings,37,35,493,2,357,1
16,Sun,12/21/2015,boxscore,Atlanta Falcons,@,New Orleans Saints,30,14,403,0,328,4
16,Mon,12/22/2015,boxscore,Cincinnati Bengals,,Denver Broncos,37,28,353,2,385,4
Week,Day,Date,,Winner/tie,,Loser/tie,PtsW,PtsL,YdsW,TOW,YdsL,TOL
17,Sun,12/28/2015,boxscore,San Francisco 49ers,,Arizona Cardinals,20,17,395,0,397,3
17,Sun,12/28/2015,boxscore,Dallas Cowboys,@,Washington Redskins,44,17,473,1,413,4
17,Sun,12/28/2015,boxscore,New Orleans Saints,@,Tampa Bay Buccaneers,23,20,338,3,280,1
17,Sun,12/28/2015,boxscore,Carolina Panthers,@,Atlanta Falcons,34,3,306,0,288,3
17,Sun,12/28/2015,boxscore,Pittsburgh Steelers,,Cincinnati Bengals,27,17,346,3,337,3
17,Sun,12/28/2015,boxscore,Philadelphia Eagles,@,New York Giants,34,26,426,1,505,1
17,Sun,12/28/2015,boxscore,Green Bay Packers,,Detroit Lions,30,20,377,2,313,1
17,Sun,12/28/2015,boxscore,Houston Texans,,Jacksonville Jaguars,23,17,358,2,233,0
17,Sun,12/28/2015,boxscore,Baltimore Ravens,,Cleveland Browns,20,10,419,0,259,2
17,Sun,12/28/2015,boxscore,Seattle Seahawks,,St. Louis Rams,20,6,354,2,245,3
17,Sun,12/28/2015,boxscore,New York Jets,@,Miami Dolphins,37,24,494,1,387,1
17,Sun,12/28/2015,boxscore,Minnesota Vikings,,Chicago Bears,13,9,311,1,264,0
17,Sun,12/28/2015,boxscore,Kansas City Chiefs,,San Diego Chargers,19,7,251,0,361,3
17,Sun,12/28/2015,boxscore,Denver Broncos,,Oakland Raiders,47,14,451,1,199,2
17,Sun,12/28/2015,boxscore,Indianapolis Colts,@,Tennessee Titans,27,10,378,0,192,1
17,Sun,12/28/2015,boxscore,Buffalo Bills,@,New England Patriots,17,9,268,1,260,0
Year 2013,,,,,,,,,,,,
1,Thu,5-Sep,boxscore,Denver Broncos,,Baltimore Ravens,49,27,510,2,393,2
1,Sun,8-Sep,boxscore,Seattle Seahawks,@,Carolina Panthers,12,7,370,1,253,2
1,Sun,8-Sep,boxscore,St. Louis Rams,,Arizona Cardinals,27,24,366,2,390,2
1,Sun,8-Sep,boxscore,San Francisco 49ers,,Green Bay Packers,34,28,494,0,385,2
1,Sun,8-Sep,boxscore,Detroit Lions,,Minnesota Vikings,34,24,469,2,330,4
1,Sun,8-Sep,boxscore,New Orleans Saints,,Atlanta Falcons,23,17,419,1,367,2
1,Sun,8-Sep,boxscore,Tennessee Titans,@,Pittsburgh Steelers,16,9,229,0,194,2
1,Sun,8-Sep,boxscore,Chicago Bears,,Cincinnati Bengals,24,21,323,1,340,3
1,Sun,8-Sep,boxscore,Indianapolis Colts,,Oakland Raiders,21,17,274,0,372,2
1,Sun,8-Sep,boxscore,Dallas Cowboys,,New York Giants,36,31,331,1,478,6
1,Sun,8-Sep,boxscore,Kansas City Chiefs,@,Jacksonville Jaguars,28,2,292,0,178,2
1,Sun,8-Sep,boxscore,Miami Dolphins,@,Cleveland Browns,23,10,275,1,291,3
1,Sun,8-Sep,boxscore,New York Jets,,Tampa Bay Buccaneers,18,17,304,2,250,2
1,Sun,8-Sep,boxscore,New England Patriots,@,Buffalo Bills,23,21,431,3,286,2
1,Mon,9-Sep,boxscore,Philadelphia Eagles,@,Washington Redskins,33,27,443,2,382,3
1,Mon,9-Sep,boxscore,Houston Texans,@,San Diego Chargers,31,28,449,1,263,1
Week,Day,Date,,Winner/tie,,Loser/tie,PtsW,PtsL,YdsW,TOW,YdsL,TOL
2,Thu,12-Sep,boxscore,New England Patriots,,New York Jets,13,10,232,0,318,4
2,Sun,15-Sep,boxscore,New Orleans Saints,@,Tampa Bay Buccaneers,16,14,371,2,273,2
2,Sun,15-Sep,boxscore,Chicago Bears,,Minnesota Vikings,31,30,411,4,350,3
2,Sun,15-Sep,boxscore,Kansas City Chiefs,,Dallas Cowboys,17,16,313,0,318,2
2,Sun,15-Sep,boxscore,Arizona Cardinals,,Detroit Lions,25,21,348,1,322,1
2,Sun,15-Sep,boxscore,Baltimore Ravens,,Cleveland Browns,14,6,296,1,259,0
2,Sun,15-Sep,boxscore,Atlanta Falcons,,St. Louis Rams,31,24,393,0,421,1
2,Sun,15-Sep,boxscore,Houston Texans,,Tennessee Titans,30,24,452,2,248,0
2,Sun,15-Sep,boxscore,Green Bay Packers,,Washington Redskins,38,20,580,1,422,1
2,Sun,15-Sep,boxscore,Miami Dolphins,@,Indianapolis Colts,24,20,398,1,448,1
2,Sun,15-Sep,boxscore,Buffalo Bills,,Carolina Panthers,24,23,436,2,308,1
2,Sun,15-Sep,boxscore,San Diego Chargers,@,Philadelphia Eagles,33,30,539,2,511,0
2,Sun,15-Sep,boxscore,Seattle Seahawks,,San Francisco 49ers,29,3,290,1,207,5
2,Sun,15-Sep,boxscore,Oakland Raiders,,Jacksonville Jaguars,19,9,340,1,248,0
2,Sun,15-Sep,boxscore,Denver Broncos,@,New York Giants,41,23,414,1,376,4
2,Mon,16-Sep,boxscore,Cincinnati Bengals,,Pittsburgh Steelers,20,10,407,0,278,2
Week,Day,Date,,Winner/tie,,Loser/tie,PtsW,PtsL,YdsW,TOW,YdsL,TOL
3,Thu,19-Sep,boxscore,Kansas City Chiefs,@,Philadelphia Eagles,26,16,394,0,431,5
3,Sun,22-Sep,boxscore,New England Patriots,,Tampa Bay Buccaneers,23,3,358,1,323,1
3,Sun,22-Sep,boxscore,New Orleans Saints,,Arizona Cardinals,31,7,423,1,247,2
3,Sun,22-Sep,boxscore,Detroit Lions,@,Washington Redskins,27,20,441,1,420,2
3,Sun,22-Sep,boxscore,Carolina Panthers,,New York Giants,38,0,402,2,150,3
3,Sun,22-Sep,boxscore,Miami Dolphins,,Atlanta Falcons,27,23,285,2,377,2
3,Sun,22-Sep,boxscore,Tennessee Titans,,San Diego Chargers,20,17,452,0,277,1
3,Sun,22-Sep,boxscore,New York Jets,,Buffalo Bills,27,20,513,2,328,0
3,Sun,22-Sep,boxscore,Cincinnati Bengals,,Green Bay Packers,34,30,297,4,399,4
3,Sun,22-Sep,boxscore,Dallas Cowboys,,St. Louis Rams,31,7,396,1,232,1
3,Sun,22-Sep,boxscore,Baltimore Ravens,,Houston Texans,30,9,236,0,264,1
3,Sun,22-Sep,boxscore,Cleveland Browns,@,Minnesota Vikings,31,27,409,4,329,3
3,Sun,22-Sep,boxscore,Seattle Seahawks,,Jacksonville Jaguars,45,17,479,2,265,3
3,Sun,22-Sep,boxscore,Chicago Bears,@,Pittsburgh Steelers,40,23,258,0,459,5
3,Sun,22-Sep,boxscore,Indianapolis Colts,@,San Francisco 49ers,27,7,336,0,254,2
3,Mon,23-Sep,boxscore,Denver Broncos,,Oakland Raiders,37,21,536,2,342,0
Week,Day,Date,,Winner/tie,,Loser/tie,PtsW,PtsL,YdsW,TOW,YdsL,TOL
4,Thu,26-Sep,boxscore,San Francisco 49ers,@,St. Louis Rams,35,11,370,2,188,2
4,Sun,29-Sep,boxscore,Buffalo Bills,,Baltimore Ravens,23,20,350,3,345,5
4,Sun,29-Sep,boxscore,Cleveland Browns,,Cincinnati Bengals,17,6,336,0,266,2
4,Sun,29-Sep,boxscore,Tennessee Titans,,New York Jets,38,13,322,0,330,4
4,Sun,29-Sep,boxscore,San Diego Chargers,,Dallas Cowboys,30,21,506,1,319,1
4,Sun,29-Sep,boxscore,Kansas City Chiefs,,New York Giants,31,7,390,3,298,3
4,Sun,29-Sep,boxscore,Seattle Seahawks,@,Houston Texans,23,20,270,2,476,3
4,Sun,29-Sep,boxscore,Arizona Cardinals,@,Tampa Bay Buccaneers,13,10,296,3,253,3
4,Sun,29-Sep,boxscore,Minnesota Vikings,,Pittsburgh Steelers,34,27,393,0,434,2
4,Sun,29-Sep,boxscore,Washington Redskins,@,Oakland Raiders,24,14,339,1,298,3
4,Sun,29-Sep,boxscore,New England Patriots,@,Atlanta Falcons,30,23,448,0,457,1
4,Sun,29-Sep,boxscore,Denver Broncos,,Philadelphia Eagles,52,20,472,0,450,0
4,Sun,29-Sep,boxscore,Indianapolis Colts,@,Jacksonville Jaguars,37,3,437,1,205,3
4,Sun,29-Sep,boxscore,Detroit Lions,,Chicago Bears,40,32,387,3,417,4
4,Mon,30-Sep,boxscore,New Orleans Saints,,Miami Dolphins,38,17,465,1,331,4
Week,Day,Date,,Winner/tie,,Loser/tie,PtsW,PtsL,YdsW,TOW,YdsL,TOL
5,Thu,3-Oct,boxscore,Cleveland Browns,,Buffalo Bills,37,24,290,0,343,1
5,Sun,6-Oct,boxscore,Arizona Cardinals,,Carolina Panthers,22,6,250,3,353,4
5,Sun,6-Oct,boxscore,Green Bay Packers,,Detroit Lions,22,9,449,0,286,0
5,Sun,6-Oct,boxscore,Philadelphia Eagles,@,New York Giants,36,21,439,0,383,4
5,Sun,6-Oct,boxscore,Denver Broncos,@,Dallas Cowboys,51,48,517,2,522,2
5,Sun,6-Oct,boxscore,Cincinnati Bengals,,New England Patriots,13,6,341,2,248,2
5,Sun,6-Oct,boxscore,New Orleans Saints,@,Chicago Bears,26,18,347,0,434,1
5,Sun,6-Oct,boxscore,Oakland Raiders,,San Diego Chargers,27,17,299,0,427,5
5,Sun,6-Oct,boxscore,St. Louis Rams,,Jacksonville Jaguars,34,20,351,0,363,3
5,Sun,6-Oct,boxscore,Indianapolis Colts,,Seattle Seahawks,34,28,317,2,423,2
5,Sun,6-Oct,boxscore,Baltimore Ravens,@,Miami Dolphins,26,23,384,2,294,0
5,Sun,6-Oct,boxscore,Kansas City Chiefs,@,Tennessee Titans,26,17,353,2,339,3
5,Sun,6-Oct,boxscore,San Francisco 49ers,,Houston Texans,34,3,284,0,313,4
5,Mon,7-Oct,boxscore,New York Jets,@,Atlanta Falcons,30,28,288,0,363,1
Week,Day,Date,,Winner/tie,,Loser/tie,PtsW,PtsL,YdsW,TOW,YdsL,TOL
6,Thu,10-Oct,boxscore,Chicago Bears,,New York Giants,27,21,372,0,355,3
6,Sun,13-Oct,boxscore,Carolina Panthers,@,Minnesota Vikings,35,10,367,0,290,2
6,Sun,13-Oct,boxscore,Green Bay Packers,@,Baltimore Ravens,19,17,438,2,360,1
6,Sun,13-Oct,boxscore,St. Louis Rams,@,Houston Texans,38,13,216,0,420,4
6,Sun,13-Oct,boxscore,Detroit Lions,@,Cleveland Browns,31,17,366,1,395,2
6,Sun,13-Oct,boxscore,Denver Broncos,,Jacksonville Jaguars,35,19,407,3,362,2
6,Sun,13-Oct,boxscore,Kansas City Chiefs,,Oakland Raiders,24,7,216,1,274,3
6,Sun,13-Oct,boxscore,Seattle Seahawks,,Tennessee Titans,20,13,404,2,223,2
6,Sun,13-Oct,boxscore,Cincinnati Bengals,@,Buffalo Bills,27,24,483,1,322,1
6,Sun,13-Oct,boxscore,Dallas Cowboys,,Washington Redskins,31,16,213,1,433,2
6,Sun,13-Oct,boxscore,Philadelphia Eagles,@,Tampa Bay Buccaneers,31,20,425,1,351,1
6,Sun,13-Oct,boxscore,Pittsburgh Steelers,@,New York Jets,19,6,328,0,267,2
6,Sun,13-Oct,boxscore,New England Patriots,,New Orleans Saints,30,27,376,1,361,2
6,Sun,13-Oct,boxscore,San Francisco 49ers,,Arizona Cardinals,32,20,387,2,403,4
6,Mon,14-Oct,boxscore,San Diego Chargers,,Indianapolis Colts,19,9,374,0,267,1
Week,Day,Date,,Winner/tie,,Loser/tie,PtsW,PtsL,YdsW,TOW,YdsL,TOL
7,Thu,17-Oct,boxscore,Seattle Seahawks,@,Arizona Cardinals,34,22,344,2,234,2
7,Sun,20-Oct,boxscore,Pittsburgh Steelers,,Baltimore Ravens,19,16,286,1,287,0
7,Sun,20-Oct,boxscore,Atlanta Falcons,,Tampa Bay Buccaneers,31,23,291,1,337,1
7,Sun,20-Oct,boxscore,Carolina Panthers,,St. Louis Rams,30,15,282,0,317,3
7,Sun,20-Oct,boxscore,Green Bay Packers,,Cleveland Browns,31,13,357,0,216,1
7,Sun,20-Oct,boxscore,Dallas Cowboys,@,Philadelphia Eagles,17,3,368,2,278,3
7,Sun,20-Oct,boxscore,Cincinnati Bengals,@,Detroit Lions,27,24,421,0,434,0
7,Sun,20-Oct,boxscore,San Diego Chargers,@,Jacksonville Jaguars,24,6,434,0,353,1
7,Sun,20-Oct,boxscore,Indianapolis Colts,,Denver Broncos,39,33,334,1,429,3
7,Sun,20-Oct,boxscore,Washington Redskins,,Chicago Bears,45,41,499,1,359,1
7,Sun,20-Oct,boxscore,Kansas City Chiefs,,Houston Texans,17,16,357,2,294,1
7,Sun,20-Oct,boxscore,New York Jets,,New England Patriots,30,27,383,1,295,1
7,Sun,20-Oct,boxscore,Buffalo Bills,@,Miami Dolphins,23,21,268,1,293,3
7,Sun,20-Oct,boxscore,San Francisco 49ers,@,Tennessee Titans,31,17,349,0,368,2
7,Mon,21-Oct,boxscore,New York Giants,,Minnesota Vikings,23,7,257,1,206,3
Week,Day,Date,,Winner/tie,,Loser/tie,PtsW,PtsL,YdsW,TOW,YdsL,TOL
8,Thu,24-Oct,boxscore,Carolina Panthers,@,Tampa Bay Buccaneers,31,13,324,0,297,1
8,Sun,27-Oct,boxscore,Green Bay Packers,@,Minnesota Vikings,44,31,464,0,243,0
8,Sun,27-Oct,boxscore,Arizona Cardinals,,Atlanta Falcons,27,13,348,1,292,4
8,Sun,27-Oct,boxscore,New England Patriots,,Miami Dolphins,27,17,252,1,301,3
8,Sun,27-Oct,boxscore,Oakland Raiders,,Pittsburgh Steelers,21,18,279,3,276,2
8,Sun,27-Oct,boxscore,San Francisco 49ers,@,Jacksonville Jaguars,42,10,398,1,318,1
8,Sun,27-Oct,boxscore,Denver Broncos,,Washington Redskins,45,21,446,4,266,5
8,Sun,27-Oct,boxscore,New Orleans Saints,,Buffalo Bills,35,17,386,0,299,3
8,Sun,27-Oct,boxscore,New York Giants,@,Philadelphia Eagles,15,7,325,1,200,3
8,Sun,27-Oct,boxscore,Detroit Lions,,Dallas Cowboys,31,30,623,4,268,0
8,Sun,27-Oct,boxscore,Cincinnati Bengals,,New York Jets,49,9,402,1,240,2
8,Sun,27-Oct,boxscore,Kansas City Chiefs,,Cleveland Browns,23,17,331,0,340,1
8,Mon,28-Oct,boxscore,Seattle Seahawks,@,St. Louis Rams,14,9,135,0,339,2
Week,Day,Date,,Winner/tie,,Loser/tie,PtsW,PtsL,YdsW,TOW,YdsL,TOL
9,Thu,31-Oct,boxscore,Miami Dolphins,,Cincinnati Bengals,22,20,345,1,465,4
9,Sun,3-Nov,boxscore,Indianapolis Colts,@,Houston Texans,27,24,314,0,483,0
9,Sun,3-Nov,boxscore,Carolina Panthers,,Atlanta Falcons,34,10,373,2,289,4
9,Sun,3-Nov,boxscore,Tennessee Titans,@,St. Louis Rams,28,21,363,2,363,2
9,Sun,3-Nov,boxscore,New York Jets,,New Orleans Saints,26,20,338,0,407,2
9,Sun,3-Nov,boxscore,Washington Redskins,,San Diego Chargers,30,24,500,1,410,2
9,Sun,3-Nov,boxscore,Dallas Cowboys,,Minnesota Vikings,27,23,350,1,393,2
9,Sun,3-Nov,boxscore,Cleveland Browns,,Baltimore Ravens,24,18,315,1,278,2
9,Sun,3-Nov,boxscore,Philadelphia Eagles,@,Oakland Raiders,49,20,542,0,560,2
9,Sun,3-Nov,boxscore,Kansas City Chiefs,@,Buffalo Bills,23,13,210,0,470,3
9,Sun,3-Nov,boxscore,New England Patriots,,Pittsburgh Steelers,55,31,610,1,479,3
9,Sun,3-Nov,boxscore,Seattle Seahawks,,Tampa Bay Buccaneers,27,24,415,3,350,0
9,Mon,4-Nov,boxscore,Chicago Bears,@,Green Bay Packers,27,20,442,0,312,1
Week,Day,Date,,Winner/tie,,Loser/tie,PtsW,PtsL,YdsW,TOW,YdsL,TOL
10,Thu,7-Nov,boxscore,Minnesota Vikings,,Washington Redskins,34,27,307,1,433,0
10,Sun,10-Nov,boxscore,Carolina Panthers,@,San Francisco 49ers,10,9,250,2,151,2
10,Sun,10-Nov,boxscore,Jacksonville Jaguars,@,Tennessee Titans,29,27,214,2,362,4
10,Sun,10-Nov,boxscore,Arizona Cardinals,,Houston Texans,27,24,332,3,235,1
10,Sun,10-Nov,boxscore,Denver Broncos,@,San Diego Chargers,28,20,397,1,329,0
10,Sun,10-Nov,boxscore,Philadelphia Eagles,@,Green Bay Packers,27,13,415,1,396,2
10,Sun,10-Nov,boxscore,Detroit Lions,@,Chicago Bears,21,19,364,1,338,1
10,Sun,10-Nov,boxscore,New York Giants,,Oakland Raiders,24,20,251,3,213,2
10,Sun,10-Nov,boxscore,St. Louis Rams,@,Indianapolis Colts,38,8,372,1,406,5
10,Sun,10-Nov,boxscore,Seattle Seahawks,@,Atlanta Falcons,33,10,490,0,226,1
10,Sun,10-Nov,boxscore,New Orleans Saints,,Dallas Cowboys,49,17,625,1,193,0
10,Sun,10-Nov,boxscore,Pittsburgh Steelers,,Buffalo Bills,23,10,300,1,227,1
10,Sun,10-Nov,boxscore,Baltimore Ravens,,Cincinnati Bengals,20,17,189,3,364,3
10,Mon,11-Nov,boxscore,Tampa Bay Buccaneers,,Miami Dolphins,22,19,264,1,213,1
Week,Day,Date,,Winner/tie,,Loser/tie,PtsW,PtsL,YdsW,TOW,YdsL,TOL
11,Thu,14-Nov,boxscore,Indianapolis Colts,@,Tennessee Titans,30,27,366,0,340,1
11,Sun,17-Nov,boxscore,New York Giants,,Green Bay Packers,27,13,334,1,394,3
11,Sun,17-Nov,boxscore,Tampa Bay Buccaneers,,Atlanta Falcons,41,28,410,0,420,3
11,Sun,17-Nov,boxscore,New Orleans Saints,,San Francisco 49ers,23,20,387,3,196,1
11,Sun,17-Nov,boxscore,Pittsburgh Steelers,,Detroit Lions,37,27,398,0,451,3
11,Sun,17-Nov,boxscore,Chicago Bears,,Baltimore Ravens,23,20,319,0,317,2
11,Sun,17-Nov,boxscore,Oakland Raiders,@,Houston Texans,28,23,341,0,394,2
11,Sun,17-Nov,boxscore,Miami Dolphins,,San Diego Chargers,20,16,343,1,435,1
11,Sun,17-Nov,boxscore,Denver Broncos,,Kansas City Chiefs,27,17,427,1,344,1
11,Sun,17-Nov,boxscore,Arizona Cardinals,@,Jacksonville Jaguars,27,14,416,0,274,2
11,Sun,17-Nov,boxscore,Seattle Seahawks,,Minnesota Vikings,41,20,323,0,336,4
11,Sun,17-Nov,boxscore,Cincinnati Bengals,,Cleveland Browns,41,20,224,2,330,4
11,Sun,17-Nov,boxscore,Buffalo Bills,,New York Jets,37,14,313,0,267,4
11,Sun,17-Nov,boxscore,Philadelphia Eagles,,Washington Redskins,24,16,402,0,427,2
11,Mon,18-Nov,boxscore,Carolina Panthers,,New England Patriots,24,20,300,0,390,2
Week,Day,Date,,Winner/tie,,Loser/tie,PtsW,PtsL,YdsW,TOW,YdsL,TOL
12,Thu,21-Nov,boxscore,New Orleans Saints,@,Atlanta Falcons,17,13,374,0,355,1
12,Sun,24-Nov,boxscore,Carolina Panthers,@,Miami Dolphins,20,16,295,1,332,1
12,Sun,24-Nov,boxscore,St. Louis Rams,,Chicago Bears,42,21,406,0,424,3
12,Sun,24-Nov,boxscore,Arizona Cardinals,,Indianapolis Colts,40,11,410,0,239,1
12,Sun,24-Nov,boxscore,Minnesota Vikings,@,Green Bay Packers,26,26,447,1,494,0
12,Sun,24-Nov,boxscore,Jacksonville Jaguars,@,Houston Texans,13,6,333,0,218,1
12,Sun,24-Nov,boxscore,San Diego Chargers,@,Kansas City Chiefs,41,38,491,0,395,2
12,Sun,24-Nov,boxscore,Baltimore Ravens,,New York Jets,19,3,312,1,220,3
12,Sun,24-Nov,boxscore,Pittsburgh Steelers,@,Cleveland Browns,27,11,302,0,367,4
12,Sun,24-Nov,boxscore,Tampa Bay Buccaneers,@,Detroit Lions,24,21,229,0,390,5
12,Sun,24-Nov,boxscore,Tennessee Titans,@,Oakland Raiders,23,19,426,0,353,2
12,Sun,24-Nov,boxscore,Dallas Cowboys,@,New York Giants,24,21,311,1,356,1
12,Sun,24-Nov,boxscore,New England Patriots,,Denver Broncos,34,31,440,3,412,4
12,Mon,25-Nov,boxscore,San Francisco 49ers,@,Washington Redskins,27,6,304,1,190,1
Week,Day,Date,,Winner/tie,,Loser/tie,PtsW,PtsL,YdsW,TOW,YdsL,TOL
13,Thu,28-Nov,boxscore,Baltimore Ravens,,Pittsburgh Steelers,22,20,311,0,329,0
13,Thu,28-Nov,boxscore,Dallas Cowboys,,Oakland Raiders,31,24,352,1,305,2
13,Thu,28-Nov,boxscore,Detroit Lions,,Green Bay Packers,40,10,561,4,126,3
13,Sun,1-Dec,boxscore,Indianapolis Colts,,Tennessee Titans,22,14,264,1,347,4
13,Sun,1-Dec,boxscore,Denver Broncos,@,Kansas City Chiefs,35,28,535,2,452,1
13,Sun,1-Dec,boxscore,Miami Dolphins,@,New York Jets,23,3,453,1,177,3
13,Sun,1-Dec,boxscore,New York Giants,@,Washington Redskins,24,17,286,1,323,1
13,Sun,1-Dec,boxscore,Jacksonville Jaguars,@,Cleveland Browns,32,28,314,1,439,3
13,Sun,1-Dec,boxscore,San Francisco 49ers,,St. Louis Rams,23,13,338,1,312,1
13,Sun,1-Dec,boxscore,New England Patriots,@,Houston Texans,34,31,453,1,385,1
13,Sun,1-Dec,boxscore,Carolina Panthers,,Tampa Bay Buccaneers,27,6,426,2,206,2
13,Sun,1-Dec,boxscore,Philadelphia Eagles,,Arizona Cardinals,24,21,307,0,350,3
13,Sun,1-Dec,boxscore,Minnesota Vikings,,Chicago Bears,23,20,496,1,480,1
13,Sun,1-Dec,boxscore,Cincinnati Bengals,@,San Diego Chargers,17,10,354,2,334,3
13,Sun,1-Dec,boxscore,Atlanta Falcons,@,Buffalo Bills,34,31,423,1,405,2
13,Mon,2-Dec,boxscore,Seattle Seahawks,,New Orleans Saints,34,7,429,0,188,1
Week,Day,Date,,Winner/tie,,Loser/tie,PtsW,PtsL,YdsW,TOW,YdsL,TOL
14,Thu,5-Dec,boxscore,Jacksonville Jaguars,,Houston Texans,27,20,281,0,406,2
14,Sun,8-Dec,boxscore,Green Bay Packers,,Atlanta Falcons,22,21,334,2,285,2
14,Sun,8-Dec,boxscore,Cincinnati Bengals,,Indianapolis Colts,42,28,430,0,389,0
14,Sun,8-Dec,boxscore,Baltimore Ravens,,Minnesota Vikings,29,26,325,3,379,1
14,Sun,8-Dec,boxscore,Tampa Bay Buccaneers,,Buffalo Bills,27,6,246,2,214,5
14,Sun,8-Dec,boxscore,New Orleans Saints,,Carolina Panthers,31,13,373,0,239,0
14,Sun,8-Dec,boxscore,Arizona Cardinals,,St. Louis Rams,30,10,369,1,257,2
14,Sun,8-Dec,boxscore,Denver Broncos,,Tennessee Titans,51,28,551,0,254,2
14,Sun,8-Dec,boxscore,New York Jets,,Oakland Raiders,37,27,352,1,383,1
14,Sun,8-Dec,boxscore,Philadelphia Eagles,,Detroit Lions,34,20,478,1,231,3
14,Sun,8-Dec,boxscore,Kansas City Chiefs,@,Washington Redskins,45,10,346,1,257,2
14,Sun,8-Dec,boxscore,New England Patriots,,Cleveland Browns,27,26,484,2,494,0
14,Sun,8-Dec,boxscore,San Francisco 49ers,,Seattle Seahawks,19,17,318,1,264,1
14,Sun,8-Dec,boxscore,San Diego Chargers,,New York Giants,37,14,388,1,333,3
14,Sun,8-Dec,boxscore,Miami Dolphins,@,Pittsburgh Steelers,34,28,367,1,412,1
14,Mon,9-Dec,boxscore,Chicago Bears,,Dallas Cowboys,45,28,490,0,328,0
Week,Day,Date,,Winner/tie,,Loser/tie,PtsW,PtsL,YdsW,TOW,YdsL,TOL
15,Thu,12-Dec,boxscore,San Diego Chargers,@,Denver Broncos,27,20,337,0,295,1
15,Sun,15-Dec,boxscore,Pittsburgh Steelers,,Cincinnati Bengals,30,20,290,1,279,1
15,Sun,15-Dec,boxscore,St. Louis Rams,,New Orleans Saints,27,16,302,0,432,3
15,Sun,15-Dec,boxscore,Carolina Panthers,,New York Jets,30,20,392,0,297,1
15,Sun,15-Dec,boxscore,Chicago Bears,@,Cleveland Browns,38,31,440,3,366,2
15,Sun,15-Dec,boxscore,Seattle Seahawks,@,New York Giants,23,0,327,1,181,5
15,Sun,15-Dec,boxscore,Green Bay Packers,@,Dallas Cowboys,37,36,433,1,466,2
15,Sun,15-Dec,boxscore,Buffalo Bills,@,Jacksonville Jaguars,27,20,366,2,354,4
15,Sun,15-Dec,boxscore,Minnesota Vikings,,Philadelphia Eagles,48,30,455,1,475,1
15,Sun,15-Dec,boxscore,Arizona Cardinals,@,Tennessee Titans,37,34,360,0,460,3
15,Sun,15-Dec,boxscore,Kansas City Chiefs,@,Oakland Raiders,56,31,384,1,461,7
15,Sun,15-Dec,boxscore,Miami Dolphins,,New England Patriots,24,20,378,1,453,1
15,Sun,15-Dec,boxscore,Atlanta Falcons,,Washington Redskins,27,26,243,2,476,7
15,Sun,15-Dec,boxscore,San Francisco 49ers,@,Tampa Bay Buccaneers,33,14,376,0,183,2
15,Sun,15-Dec,boxscore,Indianapolis Colts,,Houston Texans,25,3,331,1,239,2
15,Mon,16-Dec,boxscore,Baltimore Ravens,@,Detroit Lions,18,16,305,0,349,3
Week,Day,Date,,Winner/tie,,Loser/tie,PtsW,PtsL,YdsW,TOW,YdsL,TOL
16,Sun,22-Dec,boxscore,Indianapolis Colts,@,Kansas City Chiefs,23,7,367,0,287,3
16,Sun,22-Dec,boxscore,Philadelphia Eagles,,Chicago Bears,54,11,514,1,257,2
16,Sun,22-Dec,boxscore,Cincinnati Bengals,,Minnesota Vikings,42,14,426,1,209,4
16,Sun,22-Dec,boxscore,Pittsburgh Steelers,@,Green Bay Packers,38,31,343,2,370,2
16,Sun,22-Dec,boxscore,New York Jets,,Cleveland Browns,24,13,422,0,283,2
16,Sun,22-Dec,boxscore,Tennessee Titans,@,Jacksonville Jaguars,20,16,346,1,289,1
16,Sun,22-Dec,boxscore,Buffalo Bills,,Miami Dolphins,19,0,390,1,103,2
16,Sun,22-Dec,boxscore,New England Patriots,@,Baltimore Ravens,41,7,300,0,358,4
16,Sun,22-Dec,boxscore,St. Louis Rams,,Tampa Bay Buccaneers,23,13,277,2,170,2
16,Sun,22-Dec,boxscore,Dallas Cowboys,@,Washington Redskins,24,23,309,2,297,1
16,Sun,22-Dec,boxscore,Denver Broncos,@,Houston Texans,37,13,511,0,240,2
16,Sun,22-Dec,boxscore,San Diego Chargers,,Oakland Raiders,26,13,344,3,265,2
16,Sun,22-Dec,boxscore,Arizona Cardinals,@,Seattle Seahawks,17,10,307,4,192,2
16,Sun,22-Dec,boxscore,Carolina Panthers,,New Orleans Saints,17,13,222,1,365,2
16,Sun,22-Dec,boxscore,New York Giants,@,Detroit Lions,23,20,279,2,355,3
16,Mon,23-Dec,boxscore,San Francisco 49ers,,Atlanta Falcons,34,24,379,0,402,2
Week,Day,Date,,Winner/tie,,Loser/tie,PtsW,PtsL,YdsW,TOW,YdsL,TOL
17,Sun,29-Dec,boxscore,Seattle Seahawks,,St. Louis Rams,27,9,269,0,158,2
17,Sun,29-Dec,boxscore,Tennessee Titans,,Houston Texans,16,10,311,1,288,4
17,Sun,29-Dec,boxscore,Indianapolis Colts,,Jacksonville Jaguars,30,10,379,0,350,2
17,Sun,29-Dec,boxscore,New York Jets,@,Miami Dolphins,20,7,374,0,296,3
17,Sun,29-Dec,boxscore,Minnesota Vikings,,Detroit Lions,14,13,345,2,245,0
17,Sun,29-Dec,boxscore,New York Giants,,Washington Redskins,20,6,278,3,251,4
17,Sun,29-Dec,boxscore,Green Bay Packers,@,Chicago Bears,33,28,473,2,345,2
17,Sun,29-Dec,boxscore,New Orleans Saints,,Tampa Bay Buccaneers,42,17,468,0,290,1
17,Sun,29-Dec,boxscore,Carolina Panthers,@,Atlanta Falcons,21,20,283,2,307,1
17,Sun,29-Dec,boxscore,New England Patriots,,Buffalo Bills,34,20,382,1,393,0
17,Sun,29-Dec,boxscore,Denver Broncos,@,Oakland Raiders,34,14,458,0,255,1
17,Sun,29-Dec,boxscore,Cincinnati Bengals,,Baltimore Ravens,34,17,392,4,222,3
17,Sun,29-Dec,boxscore,Philadelphia Eagles,@,Dallas Cowboys,24,22,366,1,414,3
17,Sun,29-Dec,boxscore,San Diego Chargers,,Kansas City Chiefs,27,24,405,1,332,0
17,Sun,29-Dec,boxscore,Pittsburgh Steelers,,Cleveland Browns,20,7,292,2,293,2
17,Sun,29-Dec,boxscore,San Francisco 49ers,@,Arizona Cardinals,23,20,375,0,482,2
